DisplayName,Twitch Link,Email,Twitter,Twitter Email,Discord,YouTube
AestheticPowerTV,https://twitch.tv/AestheticPowerTV,,,,,
sowhan,https://twitch.tv/sowhan,,,,,
3rdgreatuncle,https://twitch.tv/3rdgreatuncle,,,,,
qiaomiplaying,https://twitch.tv/qiaomiplaying,,,,,
karyudok,https://twitch.tv/karyudok,,,,,
gogo_1205,https://twitch.tv/gogo_1205,,,,,
nanaoji,https://twitch.tv/nanaoji,,,,,
chi781022,https://twitch.tv/chi781022,,,,,
diedoggod,https://twitch.tv/diedoggod,,,,,
shinjishinji1,https://twitch.tv/shinjishinji1,,,,,
AdventurousJenny,https://twitch.tv/AdventurousJenny,,,,,
4GAARD,https://twitch.tv/4GAARD,,,,,
tyongeee,https://twitch.tv/tyongeee,,,,,
100kBandit,https://twitch.tv/100kBandit,,,,,
2BCSuperb,https://twitch.tv/2BCSuperb,,,,,
971theticket,https://twitch.tv/971theticket,,,,,
a_couple_streams,https://twitch.tv/a_couple_streams,,,,,
a6doff,https://twitch.tv/a6doff,,,,,
Abracadabra,https://twitch.tv/Abracadabra,,,,,
Aches_Gaming,https://twitch.tv/Aches_Gaming,,,,,
AdrianaChechik_,https://twitch.tv/AdrianaChechik_,,,,,
affeeii,https://twitch.tv/affeeii,,,,,
Agony,https://twitch.tv/Agony,,,,,
aircool,https://twitch.tv/aircool,,,,,
aleks,https://twitch.tv/aleks,,,,,
Alex_Zedra,https://twitch.tv/Alex_Zedra,,,,,
alexneonakis,https://twitch.tv/alexneonakis,,,,,
AlliedEsports,https://twitch.tv/AlliedEsports,,,,,
ALLinPav,https://twitch.tv/ALLinPav,,,,,
allkeyshop_tv,https://twitch.tv/allkeyshop_tv,,,,,
AndreaMengucci,https://twitch.tv/AndreaMengucci,,,,,
AndyCortez,https://twitch.tv/AndyCortez,,,,,
ANIMEILLUMINATI,https://twitch.tv/ANIMEILLUMINATI,,,,,
Anjuna,https://twitch.tv/Anjuna,,,,,
AnnaCramling,https://twitch.tv/AnnaCramling,,,,,
AnneMunition,https://twitch.tv/AnneMunition,,,,,
AnnieBot,https://twitch.tv/AnnieBot,,,,,
AnthonyCaliber,https://twitch.tv/AnthonyCaliber,,,,,
Apryze,https://twitch.tv/Apryze,,,,,
AquaFPS,https://twitch.tv/AquaFPS,,,,,
Arab,https://twitch.tv/Arab,,,,,
Arcitys,https://twitch.tv/Arcitys,,,,,
Arcus,https://twitch.tv/Arcus,,,,,
ardenrose,https://twitch.tv/ardenrose,,,,,
ArlieShaban,https://twitch.tv/ArlieShaban,,,,,
Arsenal,https://twitch.tv/Arsenal,,,,,
Arumba07,https://twitch.tv/Arumba07,,,,,
ashlynn,https://twitch.tv/ashlynn,,,,,
ATL770ER,https://twitch.tv/ATL770ER,,,,,
avaail,https://twitch.tv/avaail,,,,,
AwesomeEpicGuys,https://twitch.tv/AwesomeEpicGuys,,,,,
Awkwards_Travel,https://twitch.tv/Awkwards_Travel,,,,,
Axel_tv,https://twitch.tv/Axel_tv,,,,,
AyeZee,https://twitch.tv/AyeZee,,,,,
Ayrun,https://twitch.tv/Ayrun,,,,,
babystarz,https://twitch.tv/babystarz,,,,,
Bagelmon,https://twitch.tv/Bagelmon,,,,,
Bajo,https://twitch.tv/Bajo,,,,,
BaLoRi,https://twitch.tv/BaLoRi,,,,,
Bandsintown,https://twitch.tv/Bandsintown,,,,,
Barnacules,https://twitch.tv/Barnacules,,,,,
bbxh,https://twitch.tv/bbxh,,,,,
Beardageddon,https://twitch.tv/Beardageddon,,,,,
06wallst,https://twitch.tv/06wallst,,,,,
100Thieves,https://twitch.tv/100Thieves,,,,,
21hadaddy,https://twitch.tv/21hadaddy,,,,,
2SoonBoon,https://twitch.tv/2SoonBoon,,,,,
3catswatchingtopgun,https://twitch.tv/3catswatchingtopgun,,,,,
3MGLIVE,https://twitch.tv/3MGLIVE,,,,,
aatykon,https://twitch.tv/aatykon,,,,,
AbbyBagel,https://twitch.tv/AbbyBagel,,,,,
aBeZy,https://twitch.tv/aBeZy,,,,,
abney317,https://twitch.tv/abney317,,,,,
Acai,https://twitch.tv/Acai,,,,,
Acaibear,https://twitch.tv/Acaibear,,,,,
AceAlphaLive,https://twitch.tv/AceAlphaLive,,,,,
AColdOne,https://twitch.tv/AColdOne,,,,,
actualize_visuals,https://twitch.tv/actualize_visuals,,,,,
actualmontaigne,https://twitch.tv/actualmontaigne,,,,,
Adapt,https://twitch.tv/Adapt,,,,,
adhdsworld,https://twitch.tv/adhdsworld,,,,,
AdrianaFigueroa,https://twitch.tv/AdrianaFigueroa,,,,,
AdumPlaze,https://twitch.tv/AdumPlaze,,,,,
Adunbeex,https://twitch.tv/Adunbeex,,,,,
Aeyvi,https://twitch.tv/Aeyvi,,,,,
AF0xyGrampa,https://twitch.tv/AF0xyGrampa,,,,,
Afro,https://twitch.tv/Afro,,,,,
AfterPrisonShow,https://twitch.tv/AfterPrisonShow,,,,,
AgonTFT,https://twitch.tv/AgonTFT,,,,,
ahcraaap,https://twitch.tv/ahcraaap,,,,,
Ahrelevant,https://twitch.tv/Ahrelevant,,,,,
Aipha,https://twitch.tv/Aipha,,,,,
Akaadian,https://twitch.tv/Akaadian,,,,,
Akariss,https://twitch.tv/Akariss,,,,,
akinsoft,https://twitch.tv/akinsoft,,,,,
Al_Smizzle,https://twitch.tv/Al_Smizzle,,,,,
AL3X,https://twitch.tv/AL3X,,,,,
AlanWalkerMusic,https://twitch.tv/AlanWalkerMusic,,,,,
AlbionOnline,https://twitch.tv/AlbionOnline,,,,,
albionpewpew,https://twitch.tv/albionpewpew,,,,,
Alchemy,https://twitch.tv/Alchemy,,,,,
AlexBentDrums,https://twitch.tv/AlexBentDrums,,,,,
alextumay,https://twitch.tv/alextumay,,,,,
aliluckey,https://twitch.tv/aliluckey,,,,,
AliReality,https://twitch.tv/AliReality,,,,,
Alkan,https://twitch.tv/Alkan,,,,,
Almighty_Tevin,https://twitch.tv/Almighty_Tevin,,,,,
AlphaLeedah,https://twitch.tv/AlphaLeedah,,,,,
Alpharilol,https://twitch.tv/Alpharilol,,,,,
Alvaromeroo,https://twitch.tv/Alvaromeroo,,,,,
AmandaRachLee,https://twitch.tv/AmandaRachLee,,,,,
AmenityRS,https://twitch.tv/AmenityRS,,,,,
AmericanDad,https://twitch.tv/AmericanDad,,,,,
AmirPhanThom,https://twitch.tv/AmirPhanThom,,,,,
AMroz98,https://twitch.tv/AMroz98,,,,,
amyokuda,https://twitch.tv/amyokuda,,,,,
anboniwow,https://twitch.tv/anboniwow,,,,,
Andrew_jrt,https://twitch.tv/Andrew_jrt,,,,,
AndrewGoesPlaces,https://twitch.tv/AndrewGoesPlaces,,,,,
AndyTheFrenchy,https://twitch.tv/AndyTheFrenchy,,,,,
andyTHPS,https://twitch.tv/andyTHPS,,,,,
AngelArcherLoL,https://twitch.tv/AngelArcherLoL,,,,,
angelicuh,https://twitch.tv/angelicuh,,,,,
AngryTestie,https://twitch.tv/AngryTestie,,,,,
Aniemal,https://twitch.tv/Aniemal,,,,,
AnitaNoelleGreen,https://twitch.tv/AnitaNoelleGreen,,,,,
Annie,https://twitch.tv/Annie,,,,,
AntiElitz,https://twitch.tv/AntiElitz,,,,,
apiarykeyboards,https://twitch.tv/apiarykeyboards,,,,,
apparentlyjack_rl,https://twitch.tv/apparentlyjack_rl,,,,,
Arilyna,https://twitch.tv/Arilyna,,,,,
Arlaeus,https://twitch.tv/Arlaeus,,,,,
ArmadaUGS,https://twitch.tv/ArmadaUGS,,,,,
ArmyNationalGuard,https://twitch.tv/ArmyNationalGuard,,,,,
Arsenalty,https://twitch.tv/Arsenalty,,,,,
ArslanAsh95,https://twitch.tv/ArslanAsh95,,,,,
ARUUU,https://twitch.tv/ARUUU,,,,,
AscalonTV,https://twitch.tv/AscalonTV,,,,,
Ashens,https://twitch.tv/Ashens,,,,,
Ashley_Sanders,https://twitch.tv/Ashley_Sanders,,,,,
AshlieCeleste,https://twitch.tv/AshlieCeleste,,,,,
ASMRPunk,https://twitch.tv/ASMRPunk,,,,,
asmrshanny,https://twitch.tv/asmrshanny,,,,,
AssfaultPirates,https://twitch.tv/AssfaultPirates,,,,,
AssistMeDoom,https://twitch.tv/AssistMeDoom,,,,,
Astelic,https://twitch.tv/Astelic,,,,,
ASUSROG,https://twitch.tv/ASUSROG,,,,,
ATLFaZe,https://twitch.tv/ATLFaZe,,,,,
August,https://twitch.tv/August,,,,,
Aungelecette,https://twitch.tv/Aungelecette,,,,,
AuroraPeachy,https://twitch.tv/AuroraPeachy,,,,,
AustinEkeler,https://twitch.tv/AustinEkeler,,,,,
AustinJohnPlays,https://twitch.tv/AustinJohnPlays,,,,,
AutolykusLoL,https://twitch.tv/AutolykusLoL,,,,,
Avelline_,https://twitch.tv/Avelline_,,,,,
AvFN,https://twitch.tv/AvFN,,,,,
avivasofia,https://twitch.tv/avivasofia,,,,,
AZ_Axe,https://twitch.tv/AZ_Axe,,,,,
aziakiara,https://twitch.tv/aziakiara,,,,,
azura_ttv,https://twitch.tv/azura_ttv,,,,,
Azzapp,https://twitch.tv/Azzapp,,,,,
b4nny,https://twitch.tv/b4nny,,,,,
baauer,https://twitch.tv/baauer,,,,,
babyhsu888,https://twitch.tv/babyhsu888,,,,,
Babynikki,https://twitch.tv/Babynikki,,,,,
BadBunny,https://twitch.tv/BadBunny,,,,,
Badlinu,https://twitch.tv/Badlinu,,,,,
badyinyang,https://twitch.tv/badyinyang,,,,,
Bams,https://twitch.tv/Bams,,,,,
BANDAINAMCOUS,https://twitch.tv/BANDAINAMCOUS,,,,,
Banned_Wipe,https://twitch.tv/Banned_Wipe,,,,,
Baradul,https://twitch.tv/Baradul,,,,,
barcode_ow,https://twitch.tv/barcode_ow,,,,,
BASETRADETV,https://twitch.tv/BASETRADETV,,,,,
Bastiat,https://twitch.tv/Bastiat,,,,,
BayleeJae,https://twitch.tv/BayleeJae,,,,,
Bboyy,https://twitch.tv/Bboyy,,,,,
bbromlow,https://twitch.tv/bbromlow,,,,,
Beastyqt,https://twitch.tv/Beastyqt,,,,,
beaver,https://twitch.tv/beaver,,,,,
BeFitPilatesGal,https://twitch.tv/BeFitPilatesGal,,,,,
BenFruit,https://twitch.tv/BenFruit,,,,,
Bengal,https://twitch.tv/Bengal,,,,,
benhouselog,https://twitch.tv/benhouselog,,,,,
BenMauroDesign,https://twitch.tv/BenMauroDesign,,,,,
BennyAuGold,https://twitch.tv/BennyAuGold,,,,,
Berger,https://twitch.tv/Berger,,,,,
bestboy021,https://twitch.tv/bestboy021,,,,,
BFRocket,https://twitch.tv/BFRocket,,,,,
BiancaAntisera,https://twitch.tv/BiancaAntisera,,,,,
BIG_KEP13,https://twitch.tv/BIG_KEP13,,,,,
bigandshiny,https://twitch.tv/bigandshiny,,,,,
bigbodybigfoot,https://twitch.tv/bigbodybigfoot,,,,,
bigbookenergy,https://twitch.tv/bigbookenergy,,,,,
loverococo,https://twitch.tv/loverococo,,,,,
010Mos,https://twitch.tv/010Mos,,,,,
0HDM,https://twitch.tv/0HDM,,,,,
1030JH,https://twitch.tv/1030JH,,,,,
12oyraj,https://twitch.tv/12oyraj,,,,,
13Disciple,https://twitch.tv/13Disciple,,,,,
13lade,https://twitch.tv/13lade,,,,,
1620kings,https://twitch.tv/1620kings,,,,,
1cePrime,https://twitch.tv/1cePrime,,,,,
1djjfro,https://twitch.tv/1djjfro,,,,,
1Life2Play,https://twitch.tv/1Life2Play,,,,,
1slappyjack1,https://twitch.tv/1slappyjack1,,,,,
1UpOnCancer,https://twitch.tv/1UpOnCancer,,,,,
27dollars,https://twitch.tv/27dollars,,,,,
2bratty,https://twitch.tv/2bratty,,,,,
2koreanteachers,https://twitch.tv/2koreanteachers,,,,,
2Lucky,https://twitch.tv/2Lucky,,,,,
2Yard,https://twitch.tv/2Yard,,,,,
3nok,https://twitch.tv/3nok,,,,,
3PointSha,https://twitch.tv/3PointSha,,,,,
3RNO,https://twitch.tv/3RNO,,,,,
404HD,https://twitch.tv/404HD,,,,,
49ER,https://twitch.tv/49ER,,,,,
4DavidBlue,https://twitch.tv/4DavidBlue,,,,,
4DJFly,https://twitch.tv/4DJFly,,,,,
4Lorne,https://twitch.tv/4Lorne,,,,,
5hoe,https://twitch.tv/5hoe,,,,,
5tarflower,https://twitch.tv/5tarflower,,,,,
5unfl0wer,https://twitch.tv/5unfl0wer,,,,,
5updota,https://twitch.tv/5updota,,,,,
66Samus,https://twitch.tv/66Samus,,,,,
757spy,https://twitch.tv/757spy,,,,,
7cmPwincess,https://twitch.tv/7cmPwincess,,,,,
90sMTG,https://twitch.tv/90sMTG,,,,,
916junglist,https://twitch.tv/916junglist,,,,,
96teq96,https://twitch.tv/96teq96,,,,,
983tv,https://twitch.tv/983tv,,,,,
99DragonScar,https://twitch.tv/99DragonScar,,,,,
9fingrz,https://twitch.tv/9fingrz,,,,,
A_Cubed,https://twitch.tv/A_Cubed,,,,,
A1Getdismoney,https://twitch.tv/A1Getdismoney,,,,,
A2WA_,https://twitch.tv/A2WA_,,,,,
A4Andre,https://twitch.tv/A4Andre,,,,,
Aaron_FGC,https://twitch.tv/Aaron_FGC,,,,,
AaronBlaiseArt,https://twitch.tv/AaronBlaiseArt,,,,,
AaronBleyaert,https://twitch.tv/AaronBleyaert,,,,,
aaronburriss,https://twitch.tv/aaronburriss,,,,,
AaronCraftLive,https://twitch.tv/AaronCraftLive,,,,,
aarongertler,https://twitch.tv/aarongertler,,,,,
AaronGRMP,https://twitch.tv/AaronGRMP,,,,,
AaronTruitt,https://twitch.tv/AaronTruitt,,,,,
abbay,https://twitch.tv/abbay,,,,,
abbbey,https://twitch.tv/abbbey,,,,,
abcomusic,https://twitch.tv/abcomusic,,,,,
AbeClancy,https://twitch.tv/AbeClancy,,,,,
ABehr,https://twitch.tv/ABehr,,,,,
abelinasabrina,https://twitch.tv/abelinasabrina,,,,,
abigatorrr,https://twitch.tv/abigatorrr,,,,,
ABLESx707x,https://twitch.tv/ABLESx707x,,,,,
Absoltastic,https://twitch.tv/Absoltastic,,,,,
AbsoluteKaty,https://twitch.tv/AbsoluteKaty,,,,,
AbstractSweater,https://twitch.tv/AbstractSweater,,,,,
ABTVonYT,https://twitch.tv/ABTVonYT,,,,,
abusing_r2,https://twitch.tv/abusing_r2,,,,,
Abyss_live,https://twitch.tv/Abyss_live,,,,,
Abyssal,https://twitch.tv/Abyssal,,,,,
AcadArenaPH,https://twitch.tv/AcadArenaPH,,,,,
academiadelol,https://twitch.tv/academiadelol,,,,,
Accolonn,https://twitch.tv/Accolonn,,,,,
Acegikmo,https://twitch.tv/Acegikmo,,,,,
aceslinger,https://twitch.tv/aceslinger,,,,,
AceTheOcarinaMaker,https://twitch.tv/AceTheOcarinaMaker,,,,,
AceTsuu,https://twitch.tv/AceTsuu,,,,,
AchillesBC,https://twitch.tv/AchillesBC,,,,,
ACHILLESmusicoz,https://twitch.tv/ACHILLESmusicoz,,,,,
Aciissej,https://twitch.tv/Aciissej,,,,,
actionnetworkhq,https://twitch.tv/actionnetworkhq,,,,,
Activater,https://twitch.tv/Activater,,,,,
actualgrill,https://twitch.tv/actualgrill,,,,,
actualjusticewarrior,https://twitch.tv/actualjusticewarrior,,,,,
ActuallyChucktheFreak,https://twitch.tv/ActuallyChucktheFreak,,,,,
actupny,https://twitch.tv/actupny,,,,,
adam_ayeee,https://twitch.tv/adam_ayeee,,,,,
Adam_Sings,https://twitch.tv/Adam_Sings,,,,,
Adam13531,https://twitch.tv/Adam13531,,,,,
AdamCYounis,https://twitch.tv/AdamCYounis,,,,,
AdamRedmondPlays,https://twitch.tv/AdamRedmondPlays,,,,,
AdamTheEnginerd,https://twitch.tv/AdamTheEnginerd,,,,,
Adamyid,https://twitch.tv/Adamyid,,,,,
Addled,https://twitch.tv/Addled,,,,,
AdeshMR,https://twitch.tv/AdeshMR,,,,,
AdjacentAce,https://twitch.tv/AdjacentAce,,,,,
aDJcalledQUEST,https://twitch.tv/aDJcalledQUEST,,,,,
Admiral_Revan,https://twitch.tv/Admiral_Revan,,,,,
adovahkitty,https://twitch.tv/adovahkitty,,,,,
AdrianahLee,https://twitch.tv/AdrianahLee,,,,,
AdrienneDriggs,https://twitch.tv/AdrienneDriggs,,,,,
Adufresne99,https://twitch.tv/Adufresne99,,,,,
adultswim,https://twitch.tv/adultswim,,,,,
Adunbeex,https://twitch.tv/Adunbeex,,,,,
adventuresandnaps,https://twitch.tv/adventuresandnaps,,,,,
adyyy7,https://twitch.tv/adyyy7,,,,,
AdzySlayer,https://twitch.tv/AdzySlayer,,,,,
AECORONA10,https://twitch.tv/AECORONA10,,,,,
Aegies,https://twitch.tv/Aegies,,,,,
Aenihx,https://twitch.tv/Aenihx,,,,,
aerial_iris,https://twitch.tv/aerial_iris,,,,,
AeroCloud,https://twitch.tv/AeroCloud,,,,,
AeroGarfield29,https://twitch.tv/AeroGarfield29,,,,,
Aerroon,https://twitch.tv/Aerroon,,,,,
AESAORGAL,https://twitch.tv/AESAORGAL,,,,,
Aetam,https://twitch.tv/Aetam,,,,,
Aethe_Recluse,https://twitch.tv/Aethe_Recluse,,,,,
AFFIONCROCKETT,https://twitch.tv/AFFIONCROCKETT,,,,,
afk_esports,https://twitch.tv/afk_esports,,,,,
AfriicanSnowball,https://twitch.tv/AfriicanSnowball,,,,,
afrokinetic,https://twitch.tv/afrokinetic,,,,,
AfroZer0,https://twitch.tv/AfroZer0,,,,,
afryetty,https://twitch.tv/afryetty,,,,,
AG_GreenZerg,https://twitch.tv/AG_GreenZerg,,,,,
agadmatorofficial,https://twitch.tv/agadmatorofficial,,,,,
agamescout,https://twitch.tv/agamescout,,,,,
agendafreetv,https://twitch.tv/agendafreetv,,,,,
Ahlurah,https://twitch.tv/Ahlurah,,,,,
ahnbyungchan,https://twitch.tv/ahnbyungchan,,,,,
ai_chan_bot,https://twitch.tv/ai_chan_bot,,,,,
AIAAUCF,https://twitch.tv/AIAAUCF,,,,,
AidenJOfficial,https://twitch.tv/AidenJOfficial,,,,,
Aidette,https://twitch.tv/Aidette,,,,,
aidswilliams,https://twitch.tv/aidswilliams,,,,,
Aidyy,https://twitch.tv/Aidyy,,,,,
aileenanddeven,https://twitch.tv/aileenanddeven,,,,,
AimBotkin,https://twitch.tv/AimBotkin,,,,,
aimbottz,https://twitch.tv/aimbottz,,,,,
AimFix,https://twitch.tv/AimFix,,,,,
aimsey,https://twitch.tv/aimsey,,,,,
AimzAtchu,https://twitch.tv/AimzAtchu,,,,,
AiRAWR,https://twitch.tv/AiRAWR,,,,,
Airborne,https://twitch.tv/Airborne,,,,,
AirbusFTW,https://twitch.tv/AirbusFTW,,,,,
AirinTV,https://twitch.tv/AirinTV,,,,,
AirsickHydra,https://twitch.tv/AirsickHydra,,,,,
airuka,https://twitch.tv/airuka,,,,,
airzach,https://twitch.tv/airzach,,,,,
AizoLoL,https://twitch.tv/AizoLoL,,,,,
AjaxJoey94,https://twitch.tv/AjaxJoey94,,,,,
ajellyyy,https://twitch.tv/ajellyyy,,,,,
Ajerss,https://twitch.tv/Ajerss,,,,,
ajneb174,https://twitch.tv/ajneb174,,,,,
AJRich,https://twitch.tv/AJRich,,,,,
ajtheboldtwitch,https://twitch.tv/ajtheboldtwitch,,,,,
akaMegan,https://twitch.tv/akaMegan,,,,,
AkatoraChimon,https://twitch.tv/AkatoraChimon,,,,,
akuumel,https://twitch.tv/akuumel,,,,,
ALABSeries,https://twitch.tv/ALABSeries,,,,,
alaina_castillo,https://twitch.tv/alaina_castillo,,,,,
Alanna_Matty,https://twitch.tv/Alanna_Matty,,,,,
AlaraShade,https://twitch.tv/AlaraShade,,,,,
albalass,https://twitch.tv/albalass,,,,,
Albert_Fn_Wesker,https://twitch.tv/Albert_Fn_Wesker,,,,,
AlchemistPainting,https://twitch.tv/AlchemistPainting,,,,,
Aldanya,https://twitch.tv/Aldanya,,,,,
AleccAU,https://twitch.tv/AleccAU,,,,,
alecjeay,https://twitch.tv/alecjeay,,,,,
alecmaire,https://twitch.tv/alecmaire,,,,,
AleeasPreciousLife,https://twitch.tv/AleeasPreciousLife,,,,,
AleHouseGaming,https://twitch.tv/AleHouseGaming,,,,,
AlessiaSanteramo,https://twitch.tv/AlessiaSanteramo,,,,,
AlexAblaaze,https://twitch.tv/AlexAblaaze,,,,,
AlexanderCoccia,https://twitch.tv/AlexanderCoccia,,,,,
alexanderdjnavas,https://twitch.tv/alexanderdjnavas,,,,,
AlexanderEarly,https://twitch.tv/AlexanderEarly,,,,,
alexandralynne,https://twitch.tv/alexandralynne,,,,,
AlexaPoletti,https://twitch.tv/AlexaPoletti,,,,,
alexateaching,https://twitch.tv/alexateaching,,,,,
AlexDamonLive,https://twitch.tv/AlexDamonLive,,,,,
alexhasg2g,https://twitch.tv/alexhasg2g,,,,,
AlexMandel,https://twitch.tv/AlexMandel,,,,,
AlexMoukala,https://twitch.tv/AlexMoukala,,,,,
AlexPardee,https://twitch.tv/AlexPardee,,,,,
AlexWard777,https://twitch.tv/AlexWard777,,,,,
ALEXXf1,https://twitch.tv/ALEXXf1,,,,,
1PVCS,https://twitch.tv/1PVCS,,,,,
Akaruu,https://twitch.tv/Akaruu,,,,,
Andilextv,https://twitch.tv/Andilextv,,,,,
Anth0xC0lab0y,https://twitch.tv/Anth0xC0lab0y,,,,,
AurelienSama,https://twitch.tv/AurelienSama,,,,,
alucare_v2,https://twitch.tv/alucare_v2,,,,,
A_Ficah,https://twitch.tv/A_Ficah,,,,,
alexisdies3l,https://twitch.tv/alexisdies3l,,,,,
99Damage,https://twitch.tv/99Damage,,,,,
achNina,https://twitch.tv/achNina,,,,,
Autophil,https://twitch.tv/Autophil,,,,,
Back2Warcraft,https://twitch.tv/Back2Warcraft,,,,,
Baso,https://twitch.tv/Baso,,,,,
BeamTwitch,https://twitch.tv/BeamTwitch,,,,,
BeastSnakeLIVE,https://twitch.tv/BeastSnakeLIVE,,,,,
AciiXx_TV,https://twitch.tv/AciiXx_TV,,,,,
AresLPs,https://twitch.tv/AresLPs,,,,,
BierBaumBY,https://twitch.tv/BierBaumBY,,,,,
a4ocado,https://twitch.tv/a4ocado,,,,,
AbuSuge,https://twitch.tv/AbuSuge,,,,,
Aegir3003,https://twitch.tv/Aegir3003,,,,,
ANTILIPSI,https://twitch.tv/ANTILIPSI,,,,,
rachelhoyee,https://twitch.tv/rachelhoyee,,,,,
AdamKissAK,https://twitch.tv/AdamKissAK,,,,,
bennszulottbalna,https://twitch.tv/bennszulottbalna,,,,,
AdrianFartade,https://twitch.tv/AdrianFartade,,,,,
Attrix,https://twitch.tv/Attrix,,,,,
consome01,https://twitch.tv/consome01,,,,,
stilers,https://twitch.tv/stilers,,,,,
elise_apple,https://twitch.tv/elise_apple,,,,,
digitalis_purpurea,https://twitch.tv/digitalis_purpurea,,,,,
tranth,https://twitch.tv/tranth,,,,,
c_machi,https://twitch.tv/c_machi,,,,,
yonggam119,https://twitch.tv/yonggam119,,,,,
suxkingiscoming,https://twitch.tv/suxkingiscoming,,,,,
uskki,https://twitch.tv/uskki,,,,,
haematl,https://twitch.tv/haematl,,,,,
v0231,https://twitch.tv/v0231,,,,,
intotheclancom,https://twitch.tv/intotheclancom,,,,,
madkof_kof,https://twitch.tv/madkof_kof,,,,,
wonzy_world,https://twitch.tv/wonzy_world,,,,,
jisanjun,https://twitch.tv/jisanjun,,,,,
midong1030,https://twitch.tv/midong1030,,,,,
caster_maddox,https://twitch.tv/caster_maddox,,,,,
makelchs,https://twitch.tv/makelchs,,,,,
blwriter,https://twitch.tv/blwriter,,,,,
ggongbless,https://twitch.tv/ggongbless,,,,,
ed180mm,https://twitch.tv/ed180mm,,,,,
kih0817,https://twitch.tv/kih0817,,,,,
xogur1212,https://twitch.tv/xogur1212,,,,,
kimuzamame,https://twitch.tv/kimuzamame,,,,,
flyinpig10,https://twitch.tv/flyinpig10,,,,,
graygust,https://twitch.tv/graygust,,,,,
zishyun,https://twitch.tv/zishyun,,,,,
skkj1996,https://twitch.tv/skkj1996,,,,,
amytavil,https://twitch.tv/amytavil,,,,,
morang_m,https://twitch.tv/morang_m,,,,,
pa2pertiger,https://twitch.tv/pa2pertiger,,,,,
twangryboy,https://twitch.tv/twangryboy,,,,,
pdragonfour,https://twitch.tv/pdragonfour,,,,,
tekkenlee3,https://twitch.tv/tekkenlee3,,,,,
chubja,https://twitch.tv/chubja,,,,,
ssogogistew,https://twitch.tv/ssogogistew,,,,,
AmirEyZed,https://twitch.tv/AmirEyZed,,,,,
Admiros,https://twitch.tv/Admiros,,,,,
AgraveiN,https://twitch.tv/AgraveiN,,,,,
100attacktv,https://twitch.tv/100attacktv,,,,,
AorusLeagueBR,https://twitch.tv/AorusLeagueBR,,,,,
Ayellol,https://twitch.tv/Ayellol,,,,,
BaianoTV,https://twitch.tv/BaianoTV,,,,,
barboysa,https://twitch.tv/barboysa,,,,,
BarrosoFN,https://twitch.tv/BarrosoFN,,,,,
4LaNlol,https://twitch.tv/4LaNlol,,,,,
Abduzido,https://twitch.tv/Abduzido,,,,,
AClarinha,https://twitch.tv/AClarinha,,,,,
Adrenaline,https://twitch.tv/Adrenaline,,,,,
Aiilko,https://twitch.tv/Aiilko,,,,,
aiye,https://twitch.tv/aiye,,,,,
Albaara,https://twitch.tv/Albaara,,,,,
AleEsteves,https://twitch.tv/AleEsteves,,,,,
alexandresantoscomedy90,https://twitch.tv/alexandresantoscomedy90,,,,,
AneLittleCat,https://twitch.tv/AneLittleCat,,,,,
Aninha_Queen,https://twitch.tv/Aninha_Queen,,,,,
Arecs_FF,https://twitch.tv/Arecs_FF,,,,,
ArnaldoDK,https://twitch.tv/ArnaldoDK,,,,,
AyuBrazil,https://twitch.tv/AyuBrazil,,,,,
AzeCos,https://twitch.tv/AzeCos,,,,,
BaixadaRP,https://twitch.tv/BaixadaRP,,,,,
bblesports,https://twitch.tv/bblesports,,,,,
belamartiins,https://twitch.tv/belamartiins,,,,,
belrodrigues,https://twitch.tv/belrodrigues,,,,,
berg2,https://twitch.tv/berg2,,,,,
0heets0,https://twitch.tv/0heets0,,,,,
1doutorbiscoito,https://twitch.tv/1doutorbiscoito,,,,,
1faca,https://twitch.tv/1faca,,,,,
400kgfps,https://twitch.tv/400kgfps,,,,,
AAACOMP,https://twitch.tv/AAACOMP,,,,,
aaafaen,https://twitch.tv/aaafaen,,,,,
AaaUnespIlha,https://twitch.tv/AaaUnespIlha,,,,,
AAJusti,https://twitch.tv/AAJusti,,,,,
AAPG_UFRuralRJ,https://twitch.tv/AAPG_UFRuralRJ,,,,,
AArribAA,https://twitch.tv/AArribAA,,,,,
Achten,https://twitch.tv/Achten,,,,,
ACoimbraPOKER,https://twitch.tv/ACoimbraPOKER,,,,,
ADAMSLocutor,https://twitch.tv/ADAMSLocutor,,,,,
adlipee,https://twitch.tv/adlipee,,,,,
AdvenaSOS,https://twitch.tv/AdvenaSOS,,,,,
agathameli,https://twitch.tv/agathameli,,,,,
AgresteTV,https://twitch.tv/AgresteTV,,,,,
Ak0nXD,https://twitch.tv/Ak0nXD,,,,,
akalimara,https://twitch.tv/akalimara,,,,,
Akanomis,https://twitch.tv/Akanomis,,,,,
Al3xeyy,https://twitch.tv/Al3xeyy,,,,,
AL3XMAC,https://twitch.tv/AL3XMAC,,,,,
alcateiaufrb,https://twitch.tv/alcateiaufrb,,,,,
AldogOficial,https://twitch.tv/AldogOficial,,,,,
Alexandremix,https://twitch.tv/Alexandremix,,,,,
AlexandrePlays_,https://twitch.tv/AlexandrePlays_,,,,,
AlexandreWeberMTG,https://twitch.tv/AlexandreWeberMTG,,,,,
alezudoo,https://twitch.tv/alezudoo,,,,,
BeastQT,https://twitch.tv/BeastQT,,,,,
aliot_ei3,https://twitch.tv/aliot_ei3,,,,,
Alcest_M,https://twitch.tv/Alcest_M,,,,,
5emperador,https://twitch.tv/5emperador,,,,,
Alliege,https://twitch.tv/Alliege,,,,,
bautiagnone,https://twitch.tv/bautiagnone,,,,,
bale_gg,https://twitch.tv/bale_gg,,,,,
12robg,https://twitch.tv/12robg,,,,,
2yayogamers,https://twitch.tv/2yayogamers,,,,,
32ricardinho,https://twitch.tv/32ricardinho,,,,,
3Bemoles,https://twitch.tv/3Bemoles,,,,,
3dgarLee,https://twitch.tv/3dgarLee,,,,,
8BitCR,https://twitch.tv/8BitCR,,,,,
aalexlee22,https://twitch.tv/aalexlee22,,,,,
AbetusTV,https://twitch.tv/AbetusTV,,,,,
abfchess,https://twitch.tv/abfchess,,,,,
ACdeFifa,https://twitch.tv/ACdeFifa,,,,,
Adrian_PSI,https://twitch.tv/Adrian_PSI,,,,,
adriarreondi,https://twitch.tv/adriarreondi,,,,,
Adrinhottv,https://twitch.tv/Adrinhottv,,,,,
AdriSylver23,https://twitch.tv/AdriSylver23,,,,,
Agnuxo,https://twitch.tv/Agnuxo,,,,,
agostinadl,https://twitch.tv/agostinadl,,,,,
Agradable,https://twitch.tv/Agradable,,,,,
Aidycsgo,https://twitch.tv/Aidycsgo,,,,,
Aioros,https://twitch.tv/Aioros,,,,,
akelliechan,https://twitch.tv/akelliechan,,,,,
Akitaa47,https://twitch.tv/Akitaa47,,,,,
AkumaGirrl,https://twitch.tv/AkumaGirrl,,,,,
AlainLove,https://twitch.tv/AlainLove,,,,,
Alambron115,https://twitch.tv/Alambron115,,,,,
alannb,https://twitch.tv/alannb,,,,,
alazgarcia,https://twitch.tv/alazgarcia,,,,,
alberticotv_,https://twitch.tv/alberticotv_,,,,,
Alcarholics,https://twitch.tv/Alcarholics,,,,,
AlcatrasCein,https://twitch.tv/AlcatrasCein,,,,,
ale_raa,https://twitch.tv/ale_raa,,,,,
Ale_vv,https://twitch.tv/Ale_vv,,,,,
Alebatido,https://twitch.tv/Alebatido,,,,,
Alejandroinc,https://twitch.tv/Alejandroinc,,,,,
AlejoFPS_,https://twitch.tv/AlejoFPS_,,,,,
alexanderenki,https://twitch.tv/alexanderenki,,,,,
alexchiner,https://twitch.tv/alexchiner,,,,,
AlexEdwieldsOficial,https://twitch.tv/AlexEdwieldsOficial,,,,,
alexmarticiu97,https://twitch.tv/alexmarticiu97,,,,,
Alexony94,https://twitch.tv/Alexony94,,,,,
Adal,https://twitch.tv/Adal,,,,,
AzelzaGaming,https://twitch.tv/AzelzaGaming,,,,,
AhmtGzms,https://twitch.tv/AhmtGzms,,,,,
Akuut,https://twitch.tv/Akuut,,,,,
averagejoewo,https://twitch.tv/averagejoewo,,,,,
beastlybriggs,https://twitch.tv/beastlybriggs,,,,,
missmomo_,https://twitch.tv/missmomo_,,,,,
3DEST_,https://twitch.tv/3DEST_,,,,,
A_dam,https://twitch.tv/A_dam,,,,,
Aceuhhh,https://twitch.tv/Aceuhhh,,,,,
AdamCrigler,https://twitch.tv/AdamCrigler,,,,,
AileenFM,https://twitch.tv/AileenFM,,,,,
akanumberstwitch,https://twitch.tv/akanumberstwitch,,,,,
alanmilan,https://twitch.tv/alanmilan,,,,,
alanna5ever,https://twitch.tv/alanna5ever,,,,,
albabbgg,https://twitch.tv/albabbgg,,,,,
Albinrust_,https://twitch.tv/Albinrust_,,,,,
alexagibbens,https://twitch.tv/alexagibbens,,,,,
AlexRiceMan,https://twitch.tv/AlexRiceMan,,,,,